feature,importance,std
systolic_bp,0.14629809725158543,0.004237565368521835
weight,0.049352120571465076,0.0030897115257253237
age_years,0.0347276090716893,0.0013993209607025803
cholesterol,0.026528845537830616,0.0034147150873366896
height,0.01716368761611877,0.002159717843497328
active,0.0009089307450828032,0.0005862988185453848
diastolic_bp,0.000765824203984744,0.0003477046297308627
glucose,0.00046072778525192427,0.0002881298215435801
smoking,0.00020917419437496143,0.00021203674398067023
alcohol,2.1862387084281564e-05,1.651492085589944e-05
sex,6.1182651033941935e-06,1.5160485743805226e-05
